"new task","hello mario","3","RAHHHHH","hi","a 6th task :O"
"X","O","O","O","O","O"
"O","O","O","O","O","O"
"O","O","O","O","O","X"
"O","O","O","O","O","X"
"O","O","O","O","O","X"
"O","O","O","O","O","O"
"O","O","O","O","O","O"
"O","O","O","O","O","O"
"O","O","O","O","O","O"
"O","O","O","O","O","O"
"O","O","O","O","O","O"
"O","O","O","O","O","O"
"O","O","O","O","O","O"
"O","O","O","O","O","O"
"O","O","O","O","O","O"
"O","O","O","O","O","O"
"O","O","O","O","O","O"
"O","O","O","O","O","O"
"O","O","O","O","O","O"
"O","O","O","O","O","O"
"O","O","O","O","O","O"
"O","O","O","O","O","O"
"O","O","O","O","O","O"
"O","O","O","O","O","O"
"O","O","O","O","O","O"
"O","O","O","X","O","O"
"O","O","O","O","X","O"
"O","O","X","O","O","O"
"O","X","O","O","O","O"
