"NEWTASK","NEWTASK2","hello","fdsafdsa","","fdsjklafdjs;akl"
"O","O","O","O","O","O"
"O","O","O","O","O","O"
"O","O","O","O","O","O"
"O","O","O","O","O","O"
"O","O","O","O","O","O"
"O","O","O","O","O","O"
"O","O","O","O","O","O"
"O","O","O","O","O","O"
"O","O","O","O","O","O"
"O","O","O","O","O","O"
"O","O","O","O","O","O"
"O","O","O","O","O","O"
"O","O","O","O","O","O"
"O","O","O","O","O","O"
"O","O","O","O","O","O"
"O","O","O","O","O","O"
"O","O","O","O","O","O"
"O","O","O","O","O","O"
"O","O","O","O","O","O"
"O","O","O","O","O","O"
"O","O","O","O","O","O"
"O","O","O","O","O","O"
"O","O","O","O","O","O"
"O","O","O","O","O","O"
"O","O","O","O","O","O"
"O","O","O","O","O","O"
"O","O","O","O","O","O"
"O","O","O","O","O","O"
"O","O","O","O","O","O"
"O","O","O","O","O","O"
"O","O","O","O","O","O"
